file,pixel,size
2nmNi-T600-15min-1.jpg,377,500
2nmNi-T600-15min-2.jpg,377,500
2nmNi-T700-15min-2.jpg,450,500
2nmNi-T800-60min-1.jpg,253,200
2nmNi-T800-60min-2.jpg,377,500
4.5nmNi-T600-5min-2.jpg,302,2000
4.5nmNi-T600-5min-3.jpg,302,1000
4.5nmNi-T600-5min-4.jpg,228,500
4.5nmNi-T600-5min-5.jpg,302,500
4.5nmNi-T600-10min-1.jpg,369,5000
4.5nmNi-T600-10min-2.jpg,302,2000
4.5nmNi-T600-10min-3.jpg,302,1000
4.5nmNi-T600-10min-4.jpg,228,500
4.5nmNi-T600-30min-2.jpg,302,2000
4.5nmNi-T600-30min-3.jpg,302,1000
4.5nmNi-T600-30min-4.jpg,228,500
4.5nmNi-T600-30min-5.jpg,302,500
4.5nmNi-T650-10min-1.jpg,369,5000
4.5nmNi-T650-10min-2.jpg,302,2000
4.5nmNi-T650-10min-3.jpg,302,1000
4.5nmNi-T650-10min-4.jpg,228,500
4.5nmNi-T700-10min-1.jpg,369,5000
4.5nmNi-T700-10min-2.jpg,302,2000
4.5nmNi-T700-10min-3.jpg,302,1000
4.5nmNi-T700-10min-4.jpg,228,500
4.5nmNi-T750-10min-2.jpg,302,2000
4.5nmNi-T750-10min-3.jpg,302,1000
4.5nmNi-T750-10min-4.jpg,228,500
4.5nmNi-T800-5min-2.jpg,302,2000
4.5nmNi-T800-5min-3.jpg,302,1000
4.5nmNi-T800-5min-4.jpg,228,500
4.5nmNi-T800-5min-5.jpg,302,500
4.5nmNi-T800-10min-2.jpg,302,2000
4.5nmNi-T800-10min-3.jpg,302,1000
4.5nmNi-T800-10min-4.jpg,228,500
4.5nmNi-T800-30min-2.jpg,302,2000
4.5nmNi-T800-30min-4.jpg,302,1000
4.5nmNi-T800-30min-5.jpg,228,500
4.5nmNi-T800-30min-6.jpg,302,500
4.5nmNi-T800-60min-2.jpg,302,2000
4.5nmNi-T800-60min-3.jpg,302,1000
4.5nmNi-T800-60min-4.jpg,228,500
4.5nmNi-T800-60min-5.jpg,302,500
8nmNi-T600-5min-2.jpg,302,1000
8nmNi-T600-15min-1.jpg,302,1000
8nmNi-T600-15min-2.jpg,228,500
8nmNi-T600-30min-1.jpg,302,1000
8nmNi-T600-30min-2.jpg,455,1000
8nmNi-T650-15min-1.jpg,302,1000
8nmNi-T700-15min-2.jpg,302,2000
8nmNi-T700-15min-3.jpg,302,1000
8nmNi-T700-15min-4.jpg,228,500
8nmNi-T700-15min-5.jpg,302,500
8nmNi-T750-15min-1.jpg,363,2000
8nmNi-T750-15min-2.jpg,378,1000
8nmNi-T800-5min-1.jpg,302,1000
8nmNi-T800-5min-2.jpg,228,500
8nmNi-T800-15min-2.jpg,302,2000
8nmNi-T800-15min-3.jpg,302,1000
8nmNi-T800-15min-4.jpg,228,500
8nmNi-T800-15min-5.jpg,302,500
8nmNi-T800-30min-1.jpg,302,1000
8nmNi-T800-60min-1.jpg,302,1000
8nmNi-T800-60min-2.jpg,228,500